7.9_raw.csv_filtered_by_correlation15_SNR20_all_replacement_strategy_1,2022-11-26 23:05:48.265029
7.9_raw.csv_filtered_by_correlation15_SNR20_individual_replacement_strategy_1,2022-11-26 23:05:48.314918
7.6_raw.csv_filtered_by_correlation15_SNR20_all_replacement_strategy_1,2022-11-26 23:05:48.384736
7.6_raw.csv_filtered_by_correlation15_SNR20_individual_replacement_strategy_1,2022-11-26 23:05:48.446432
7.2_raw.csv_filtered_by_correlation15_SNR20_all_replacement_strategy_1,2022-11-26 23:05:48.520265
7.2_raw.csv_filtered_by_correlation15_SNR20_individual_replacement_strategy_1,2022-11-26 23:05:48.572108
Complete Duration,0:00:59.175967
7.9_raw.csv_filtered_by_correlation6_all_replacement_strategy_1,2022-11-30 21:32:20.440236
7.9_raw.csv_filtered_by_correlation6_all_replacement_strategy_1,2022-11-30 21:32:21.207250
7.9_raw.csv_filtered_by_correlation0_all_replacement_strategy_1,2022-11-30 21:34:02.465882
7.9_raw.csv_filtered_by_correlation0_individual_replacement_strategy_1,2022-11-30 21:34:02.522640
7.6_raw.csv_filtered_by_correlation0_all_replacement_strategy_1,2022-11-30 21:34:02.592909
7.6_raw.csv_filtered_by_correlation0_individual_replacement_strategy_1,2022-11-30 21:34:02.651006
7.2_raw.csv_filtered_by_correlation0_all_replacement_strategy_1,2022-11-30 21:34:02.713811
7.2_raw.csv_filtered_by_correlation0_individual_replacement_strategy_1,2022-11-30 21:34:02.772397
Complete Duration,0:00:00.395244
7.9_raw.csv_filtered_by_correlation0_all_replacement_strategy_1,2022-11-30 21:35:33.575658
7.9_raw.csv_filtered_by_correlation6_all_replacement_strategy_1,2022-11-30 21:36:19.321604
7.9_raw.csv_filtered_by_correlation0_all_replacement_strategy_1,2022-11-30 21:39:59.459560
7.9_raw.csv_filtered_by_correlation0_all_replacement_strategy_1,2022-11-30 21:41:32.620007
7.9_raw.csv_filtered_by_correlation0_SNR0_all_replacement_strategy_1,2022-11-30 21:42:18.131190
7.9_raw.csv_filtered_by_correlation0_all_replacement_strategy_1,2022-11-30 21:59:33.234695
7.9_raw.csv_filtered_by_correlation0_all_replacement_strategy_1,2022-11-30 22:01:51.855030
7.9_raw.csv_filtered_by_correlation0_all_replacement_strategy_1,2022-11-30 22:06:10.577294
7.9_raw.csv_filtered_by_correlation0_all_replacement_strategy_1,2022-11-30 22:07:01.331528
7.9_raw.csv_filtered_by_correlation0_all_replacement_strategy_1,2022-11-30 22:07:35.470089
7.9_raw.csv_filtered_by_correlation0_all_replacement_strategy_1,2022-11-30 22:18:51.636866
7.9_raw.csv_filtered_by_correlation0_all_replacement_strategy_1,2022-11-30 22:19:27.323691
7.9_raw.csv_filtered_by_correlation0_all_replacement_strategy_1,2022-11-30 22:20:59.791277
7.9_raw.csv_filtered_by_correlation0_all_replacement_strategy_1,2022-11-30 22:30:49.970855
7.9_raw.csv_filtered_by_correlation0_all_replacement_strategy_1,2022-11-30 22:35:28.417848
7.9_raw.csv_filtered_by_correlation0_all_replacement_strategy_1,2022-11-30 22:42:41.030288
7.9_raw.csv_filtered_by_correlation0_all_replacement_strategy_1,2022-11-30 22:45:13.749581
7.9_raw.csv_filtered_by_correlation0_all_replacement_strategy_1,2022-11-30 22:48:36.905983
7.9_raw.csv_filtered_by_correlation0_all_replacement_strategy_1,2022-11-30 22:50:21.064468
7.9_raw.csv_filtered_by_correlation0_all_replacement_strategy_1,2022-11-30 22:56:40.631314
7.9_raw.csv_filtered_by_correlation0_individual_replacement_strategy_1,2022-11-30 22:56:40.683943
7.6_raw.csv_filtered_by_correlation0_all_replacement_strategy_1,2022-11-30 22:56:40.741957
7.6_raw.csv_filtered_by_correlation0_individual_replacement_strategy_1,2022-11-30 22:56:40.801986
7.2_raw.csv_filtered_by_correlation0_all_replacement_strategy_1,2022-11-30 22:56:40.867057
7.2_raw.csv_filtered_by_correlation0_individual_replacement_strategy_1,2022-11-30 22:56:40.920771
Complete Duration,0:00:00.368149
7.9_raw.csv_filtered_by_correlation0_all_replacement_strategy_1,2022-11-30 22:59:00.826395
7.9_raw.csv_filtered_by_correlation0_all_replacement_strategy_1,2022-11-30 22:59:52.260449
7.9_raw.csv_filtered_by_correlation0_all_replacement_strategy_1,2022-11-30 23:00:51.208534
7.9_raw.csv_filtered_by_correlation0_all_replacement_strategy_1,2022-11-30 23:01:08.788766
7.9_raw.csv_filtered_by_correlation0_all_replacement_strategy_1,2022-11-30 23:01:09.434163
7.9_raw.csv_filtered_by_correlation0_all_replacement_strategy_1,2022-11-30 23:01:10.628473
7.9_raw.csv_filtered_by_correlation0_all_replacement_strategy_1,2022-11-30 23:01:11.060049
7.9_raw.csv_filtered_by_correlation0_all_replacement_strategy_1,2022-11-30 23:04:25.982707
7.9_raw.csv_filtered_by_correlation0_all_replacement_strategy_1,2022-11-30 23:12:44.320613
7.9_raw.csv_filtered_by_correlation0_all_replacement_strategy_1,2022-12-01 16:20:08.336197
7.9_raw.csv_filtered_by_correlation0_all_replacement_strategy_1,2022-12-01 16:42:53.596059
7.9_raw.csv_filtered_by_acceleration_1.5_all_replacement_strategy_3,2022-12-02 13:23:25.612007
7.9_raw.csv_filtered_by_acceleration_1.5_individual_replacement_strategy_3,2022-12-02 13:23:26.929062
7.6_raw.csv_filtered_by_acceleration_1.5_all_replacement_strategy_3,2022-12-02 13:23:28.982362
7.6_raw.csv_filtered_by_acceleration_1.5_individual_replacement_strategy_3,2022-12-02 13:23:30.268750
7.2_raw.csv_filtered_by_acceleration_1.5_all_replacement_strategy_3,2022-12-02 13:23:32.190113
7.2_raw.csv_filtered_by_acceleration_1.5_individual_replacement_strategy_3,2022-12-02 13:23:33.428175
Complete Duration,0:00:09.832854
